-- phpMyAdmin SQL Dump
-- version 4.8.5
-- https://www.phpmyadmin.net/
--
-- Host: 127.0.0.1
-- Generation Time: Jun 27, 2020 at 02:19 PM
-- Server version: 10.1.38-MariaDB
-- PHP Version: 7.3.4

SET SQL_MODE = "NO_AUTO_VALUE_ON_ZERO";
SET AUTOCOMMIT = 0;
START TRANSACTION;
SET time_zone = "+00:00";


/*!40101 SET @OLD_CHARACTER_SET_CLIENT=@@CHARACTER_SET_CLIENT */;
/*!40101 SET @OLD_CHARACTER_SET_RESULTS=@@CHARACTER_SET_RESULTS */;
/*!40101 SET @OLD_COLLATION_CONNECTION=@@COLLATION_CONNECTION */;
/*!40101 SET NAMES utf8mb4 */;

--
-- Database: `skripsi_konsultasi`
--

-- --------------------------------------------------------

--
-- Table structure for table `gejala`
--

CREATE TABLE `gejala` (
  `id_gejala` int(11) NOT NULL,
  `id_penyakit` int(11) NOT NULL,
  `nama` varchar(50) NOT NULL,
  `nilai` int(11) NOT NULL,
  `created_at` timestamp NOT NULL DEFAULT CURRENT_TIMESTAMP
) ENGINE=InnoDB DEFAULT CHARSET=latin1;

-- --------------------------------------------------------

--
-- Table structure for table `level`
--

CREATE TABLE `level` (
  `lev_id` int(11) NOT NULL,
  `lev_nama` varchar(50) NOT NULL,
  `lev_keterangan` text NOT NULL,
  `lev_status` varchar(50) NOT NULL,
  `created_at` timestamp NOT NULL DEFAULT CURRENT_TIMESTAMP
) ENGINE=InnoDB DEFAULT CHARSET=latin1;

--
-- Dumping data for table `level`
--

INSERT INTO `level` (`lev_id`, `lev_nama`, `lev_keterangan`, `lev_status`, `created_at`) VALUES
(2, 'Administrator', '-', 'Aktif', '2020-06-18 09:40:31'),
(4, 'Dokter', '-', 'Aktif', '2020-06-18 10:20:10'),
(5, 'Pengguna', '-', 'Aktif', '2020-06-18 10:20:41');

-- --------------------------------------------------------

--
-- Table structure for table `menu`
--

CREATE TABLE `menu` (
  `menu_id` int(11) NOT NULL,
  `menu_menu_id` int(11) NOT NULL,
  `menu_nama` varchar(50) NOT NULL,
  `menu_keterangan` text NOT NULL,
  `menu_index` int(11) NOT NULL,
  `menu_icon` varchar(50) NOT NULL,
  `menu_url` varchar(100) NOT NULL,
  `menu_status` varchar(50) NOT NULL,
  `created_at` timestamp NOT NULL DEFAULT CURRENT_TIMESTAMP
) ENGINE=InnoDB DEFAULT CHARSET=latin1;

--
-- Dumping data for table `menu`
--

INSERT INTO `menu` (`menu_id`, `menu_menu_id`, `menu_nama`, `menu_keterangan`, `menu_index`, `menu_icon`, `menu_url`, `menu_status`, `created_at`) VALUES
(1, 0, 'Dashboard', '-', 1, 'fa fa-suitcase', 'dashboard', 'Aktif', '2020-06-18 09:40:07'),
(2, 0, 'Pengaturan', '-', 10, 'fa fa-cogs', '#', 'Aktif', '2020-06-18 09:40:07'),
(3, 2, 'Hak Akses', '-', 1, 'fa fa-caret-right', 'pengaturan/hakAkses', 'Aktif', '2020-06-18 09:40:07'),
(4, 2, 'Menu', '-', 2, 'fa fa-caret-right', 'pengaturan/menu', 'Aktif', '2020-06-18 09:40:07'),
(5, 2, 'Level', '-', 3, 'fa fa-caret-right', 'pengaturan/level', 'Aktif', '2020-06-18 09:40:07'),
(6, 2, 'Pengguna', '-', 4, 'fa fa-caret-right', 'pengaturan/pengguna', 'Aktif', '2020-06-18 09:40:07'),
(15, 0, 'Home', '-', 1, 'fa fa-home', 'home', 'Aktif', '2020-06-18 10:24:18'),
(16, 0, 'Gejala', '-', 3, 'fa fa-bug', 'gejala/data', 'Aktif', '2020-06-18 10:51:01'),
(17, 0, 'Penyakit', '-', 2, 'fa fa-ambulance', 'penyakit/data', 'Aktif', '2020-06-27 12:18:53');

-- --------------------------------------------------------

--
-- Table structure for table `penyakit`
--

CREATE TABLE `penyakit` (
  `id_penyakit` int(11) NOT NULL,
  `nama` varchar(100) NOT NULL,
  `min_persentase` int(11) NOT NULL,
  `max_persentase` int(11) NOT NULL,
  `created_at` timestamp NOT NULL DEFAULT CURRENT_TIMESTAMP
) ENGINE=InnoDB DEFAULT CHARSET=latin1;

-- --------------------------------------------------------

--
-- Table structure for table `role_aplikasi`
--

CREATE TABLE `role_aplikasi` (
  `rola_id` int(11) NOT NULL,
  `rola_menu_id` int(11) NOT NULL,
  `rola_lev_id` int(11) NOT NULL,
  `created_at` timestamp NOT NULL DEFAULT CURRENT_TIMESTAMP
) ENGINE=InnoDB DEFAULT CHARSET=latin1;

--
-- Dumping data for table `role_aplikasi`
--

INSERT INTO `role_aplikasi` (`rola_id`, `rola_menu_id`, `rola_lev_id`, `created_at`) VALUES
(2, 1, 2, '2020-06-18 09:39:47'),
(4, 3, 2, '2020-06-18 09:39:47'),
(5, 4, 2, '2020-06-18 09:39:47'),
(6, 5, 2, '2020-06-18 09:39:47'),
(7, 6, 2, '2020-06-18 09:39:47'),
(8, 2, 2, '2020-06-18 09:39:47'),
(17, 15, 5, '2020-06-18 10:24:29'),
(19, 16, 2, '2020-06-18 10:51:14'),
(20, 17, 2, '2020-06-27 12:19:01');

-- --------------------------------------------------------

--
-- Table structure for table `role_users`
--

CREATE TABLE `role_users` (
  `role_id` int(11) NOT NULL,
  `role_user_id` int(11) NOT NULL,
  `role_lev_id` int(11) NOT NULL,
  `created_at` timestamp NOT NULL DEFAULT CURRENT_TIMESTAMP
) ENGINE=InnoDB DEFAULT CHARSET=latin1;

--
-- Dumping data for table `role_users`
--

INSERT INTO `role_users` (`role_id`, `role_user_id`, `role_lev_id`, `created_at`) VALUES
(1, 1, 2, '2020-06-18 09:39:26'),
(4, 4, 5, '2020-06-18 10:47:23');

-- --------------------------------------------------------

--
-- Table structure for table `saran`
--

CREATE TABLE `saran` (
  `id_saran` int(11) NOT NULL,
  `id_penyakit` int(11) NOT NULL,
  `id_user` int(11) NOT NULL,
  `judul` varchar(50) NOT NULL,
  `keterangan` text NOT NULL,
  `created_at` timestamp NOT NULL DEFAULT CURRENT_TIMESTAMP
) ENGINE=InnoDB DEFAULT CHARSET=latin1;

-- --------------------------------------------------------

--
-- Table structure for table `users`
--

CREATE TABLE `users` (
  `user_id` int(11) NOT NULL,
  `user_nama` varchar(50) NOT NULL,
  `user_password` varchar(100) NOT NULL,
  `user_email` varchar(50) NOT NULL,
  `user_phone` varchar(15) NOT NULL,
  `user_status` varchar(50) NOT NULL,
  `created_at` timestamp NOT NULL DEFAULT CURRENT_TIMESTAMP
) ENGINE=InnoDB DEFAULT CHARSET=latin1;

--
-- Dumping data for table `users`
--

INSERT INTO `users` (`user_id`, `user_nama`, `user_password`, `user_email`, `user_phone`, `user_status`, `created_at`) VALUES
(1, 'Administrator', 'utqQiS/p4vWKh3E81QVNBONFqJt14hRtvAx446gYROkV8.8kh11eS', 'administrator@gmail.com', '08123123', 'Aktif', '2020-06-18 09:39:08'),
(4, 'Test', 'HMbuuXXmxRfLdVt.4lgZ3u2zkA1X5sZgKXPBNZrOeCMMSibjB9v56', 'test@gmail.com', '08123123', 'Aktif', '2020-06-18 10:47:23');

--
-- Indexes for dumped tables
--

--
-- Indexes for table `gejala`
--
ALTER TABLE `gejala`
  ADD PRIMARY KEY (`id_gejala`);

--
-- Indexes for table `level`
--
ALTER TABLE `level`
  ADD PRIMARY KEY (`lev_id`);

--
-- Indexes for table `menu`
--
ALTER TABLE `menu`
  ADD PRIMARY KEY (`menu_id`);

--
-- Indexes for table `penyakit`
--
ALTER TABLE `penyakit`
  ADD PRIMARY KEY (`id_penyakit`);

--
-- Indexes for table `role_aplikasi`
--
ALTER TABLE `role_aplikasi`
  ADD PRIMARY KEY (`rola_id`);

--
-- Indexes for table `role_users`
--
ALTER TABLE `role_users`
  ADD PRIMARY KEY (`role_id`);

--
-- Indexes for table `saran`
--
ALTER TABLE `saran`
  ADD PRIMARY KEY (`id_saran`);

--
-- Indexes for table `users`
--
ALTER TABLE `users`
  ADD PRIMARY KEY (`user_id`);

--
-- AUTO_INCREMENT for dumped tables
--

--
-- AUTO_INCREMENT for table `gejala`
--
ALTER TABLE `gejala`
  MODIFY `id_gejala` int(11) NOT NULL AUTO_INCREMENT;

--
-- AUTO_INCREMENT for table `level`
--
ALTER TABLE `level`
  MODIFY `lev_id` int(11) NOT NULL AUTO_INCREMENT, AUTO_INCREMENT=6;

--
-- AUTO_INCREMENT for table `menu`
--
ALTER TABLE `menu`
  MODIFY `menu_id` int(11) NOT NULL AUTO_INCREMENT, AUTO_INCREMENT=18;

--
-- AUTO_INCREMENT for table `penyakit`
--
ALTER TABLE `penyakit`
  MODIFY `id_penyakit` int(11) NOT NULL AUTO_INCREMENT;

--
-- AUTO_INCREMENT for table `role_aplikasi`
--
ALTER TABLE `role_aplikasi`
  MODIFY `rola_id` int(11) NOT NULL AUTO_INCREMENT, AUTO_INCREMENT=21;

--
-- AUTO_INCREMENT for table `role_users`
--
ALTER TABLE `role_users`
  MODIFY `role_id` int(11) NOT NULL AUTO_INCREMENT, AUTO_INCREMENT=5;

--
-- AUTO_INCREMENT for table `saran`
--
ALTER TABLE `saran`
  MODIFY `id_saran` int(11) NOT NULL AUTO_INCREMENT;

--
-- AUTO_INCREMENT for table `users`
--
ALTER TABLE `users`
  MODIFY `user_id` int(11) NOT NULL AUTO_INCREMENT, AUTO_INCREMENT=5;
COMMIT;

/*!40101 SET CHARACTER_SET_CLIENT=@OLD_CHARACTER_SET_CLIENT */;
/*!40101 SET CHARACTER_SET_RESULTS=@OLD_CHARACTER_SET_RESULTS */;
/*!40101 SET COLLATION_CONNECTION=@OLD_COLLATION_CONNECTION */;
